Country,count,mean,median,std,min,max,q25,q75
Indonesia,1201,21.781433461248927,21.07719523,4.04,13.84083045,44.07713499,18.99,23.88
MALAYSIA,52,21.91815741,21.425948185,3.84,16.796875,34.08660523,18.9,22.95
Singapore,47,23.614051467872343,22.64086462,4.19,17.92821543,36.75365031,20.66,26.24
